系统,线路,站名,站间距(km),累计里程(km),经度,纬度,station ID,pinyin,year of opening
澳门轻轨,石排湾线,协和医院,0.0,0.0,113.568327,22.135779,900000126430013,,
澳门轻轨,石排湾线,石排湾,0.828,0.828,113.566708,22.128488,900000213458002,,
