系统,线路,站名,站间距(km),累计里程(km),经度,纬度,station ID,pinyin,year of opening
南京地铁,地铁S1号线(机场线),空港新城江宁,0.0,0.0,118.887659,31.737687,320100022467010,,
南京地铁,地铁S1号线(机场线),禄口机场,1.561,1.561,118.873640,31.730279,320100022467009,,
南京地铁,地铁S1号线(机场线),翔宇路南,5.013,6.574,118.829201,31.754866,320100022467008,,
南京地铁,地铁S1号线(机场线),翔宇路北,4.114,10.688,118.821542,31.791284,320100022467007,,
南京地铁,地铁S1号线(机场线),正方中路,6.168,16.856,118.805809,31.845115,320100022467006,,
南京地铁,地铁S1号线(机场线),吉印大道,4.667,21.523,118.795507,31.886166,320100021571030,,
南京地铁,地铁S1号线(机场线),河海大学·佛城西路,3.129,24.652,118.791365,31.914086,320100022467004,,
南京地铁,地铁S1号线(机场线),翠屏山,3.228,27.88,118.784514,31.942530,320100022467003,,
南京地铁,地铁S1号线(机场线),南京南站,3.367,31.247,118.796786,31.970968,320100021307016,,
