系统,线路,线路ID,站名,站间距(km),累计里程(km),经度,纬度,station ID,pinyin,year of opening
郑州地铁,地铁14号线,900000104418,铁炉,0.0,0.0,113.541028,34.767983,410100022629023,,
郑州地铁,地铁14号线,900000104418,市民大道,1.148,1.148,113.541030,34.757659,900000104418004,,
郑州地铁,地铁14号线,900000104418,市委党校,1.08,2.228,113.541262,34.747944,900000090721008,,
郑州地铁,地铁14号线,900000104418,奥体中心,1.038,3.266,113.540019,34.738664,900000090761020,,
郑州地铁,地铁14号线,900000104418,莲湖,1.746,5.012,113.541188,34.722990,900000104418001,,
