系统,线路,站名,站间距(km),累计里程(km),经度,纬度,station ID,pinyin,year of opening
重庆轨道交通,璧铜线,璧山,0.0,0.0,106.232616,29.612254,500100022282025,,
重庆轨道交通,璧铜线,璧城,1.736,1.736,106.221757,29.624684,900000166176002,,
重庆轨道交通,璧铜线,河边,3.135,4.871,106.210984,29.651281,900000166176003,,
重庆轨道交通,璧铜线,大路,8.025,12.896,106.219485,29.723071,900000166176005,,
重庆轨道交通,璧铜线,庆隆,9.997,22.893,106.149657,29.789460,900000166176006,,
重庆轨道交通,璧铜线,科创新城,4.98,27.873,106.108156,29.816086,900000166176007,,
重庆轨道交通,璧铜线,铜梁龙城天街,3.263,31.136,106.079252,29.831326,900000166176008,,
重庆轨道交通,璧铜线,铜梁西,3.267,34.403,106.046015,29.825673,900000166176009,,
