系统,线路,站名,站间距(km),累计里程(km),经度,纬度,station ID,pinyin,year of opening
重庆轨道交通,轨道交通江跳线,跳磴,0.0,0.0,106.437561,29.408248,900000088463001,,
重庆轨道交通,轨道交通江跳线,石林寺,0.852,0.852,106.429993,29.404349,900000161792002,,
重庆轨道交通,轨道交通江跳线,九龙园,7.325,8.177,106.354638,29.398931,900000161792003,,
重庆轨道交通,轨道交通江跳线,双福,4.111,12.288,106.312200,29.398610,900000161792004,,
重庆轨道交通,轨道交通江跳线,享堂,5.255,17.543,106.261625,29.381534,900000161792005,,
重庆轨道交通,轨道交通江跳线,江津高铁,4.324,21.867,106.256836,29.342872,900000161792006,,
重庆轨道交通,轨道交通江跳线,圣泉寺,3.937,25.804,106.259645,29.307554,900000161792007,,
