系统,线路,站名,站间距(km),累计里程(km),经度,纬度,station ID,pinyin,year of opening
港铁,东涌线,东涌,0.0,0.0,113.946242,22.286207,810000020807002,,
港铁,东涌线,欣澳,10.291,10.291,114.034300,22.330122,810000020807003,,
港铁,东涌线,青衣,8.539,18.83,114.112563,22.355763,810000010813003,,
港铁,东涌线,荔景,2.196,21.026,114.131105,22.345970,810000020807005,,
港铁,东涌线,南昌,3.738,24.764,114.158541,22.323921,810000020807006,,
港铁,东涌线,奥运,1.168,25.932,114.164989,22.315280,810000020807007,,
港铁,东涌线,九龙,1.449,27.381,114.166578,22.302336,810000010813004,,
港铁,东涌线,香港,2.284,29.665,114.162952,22.282068,810000010813005,,
