系统,线路,站名,站间距(km),累计里程(km),经度,纬度,station ID,pinyin,year of opening
广州地铁,APM线,广州塔,0.0,0.0,113.323464,23.106483,440100023025002,,
广州地铁,APM线,海心沙,0.571,0.571,113.324412,23.111545,440100023025003,,
广州地铁,APM线,大剧院,0.511,1.082,113.324460,23.116138,440100023025004,,
广州地铁,APM线,花城大道,0.344,1.426,113.324718,23.119223,440100023025005,,
广州地铁,APM线,妇儿中心,0.371,1.797,113.324558,23.122553,440100023025006,,
广州地铁,APM线,黄埔大道,0.501,2.298,113.324490,23.127054,440100023025007,,
广州地铁,APM线,天河南,0.481,2.779,113.324479,23.131384,440100023025008,,
广州地铁,APM线,体育中心南,0.323,3.102,113.324309,23.134281,440100023025009,,
广州地铁,APM线,林和西,0.789,3.891,113.323902,23.141363,440100023025010,,
