系统,线路,站名,站间距(km),累计里程(km),经度,纬度,station ID,pinyin,year of opening
广州地铁,地铁18号线,冼村,0.0,0.0,113.328157,23.125722,900000075991002,,
广州地铁,地铁18号线,磨碟沙,3.292,3.292,113.341285,23.098689,440100023047011,,
广州地铁,地铁18号线,龙潭,2.163,5.455,113.340902,23.079237,900000074491031,,
广州地铁,地铁18号线,沙溪,4.877,10.332,113.338180,23.035452,900000075991005,,
广州地铁,地铁18号线,南村万博,3.542,13.874,113.347555,23.004789,900000043742004,,
广州地铁,地铁18号线,番禺广场,8.637,22.511,113.385642,22.935482,440100023033002,,
广州地铁,地铁18号线,横沥,23.99,46.501,113.511088,22.753319,900000075991008,,
广州地铁,地铁18号线,万顷沙,7.714,54.215,113.557043,22.698398,900000075991009,,
