系统,线路,线路ID,站名,站间距(km),累计里程(km),经度,纬度,station ID,pinyin,year of opening
武汉地铁,轨道交通19号线,900000115789,新月溪公园,0.0,0.0,114.502879,30.476360,900000115789006,,
武汉地铁,轨道交通19号线,900000115789,光谷五路,0.972,0.972,114.502876,30.485101,900000073743006,,
武汉地铁,轨道交通19号线,900000115789,花山河,6.31,7.282,114.512443,30.541243,900000115789004,,
武汉地铁,轨道交通19号线,900000115789,花山新城,1.687,8.969,114.504183,30.554645,900000115789003,,
武汉地铁,轨道交通19号线,900000115789,鼓架山,3.62,12.589,114.466404,30.553403,900000115789007,,
武汉地铁,轨道交通19号线,900000115789,武东,2.921,15.51,114.457159,30.578433,900000115789002,,
武汉地铁,轨道交通19号线,900000115789,武汉站西广场,4.401,19.911,114.422911,30.604844,900000115789001,,
