系统,线路,线路ID,站名,站间距(km),累计里程(km),经度,纬度,station ID,pinyin,year of opening
绍兴轨道交通,轨道交通2号线,900000158624,人民医院总院,0.0,0.0,120.558794,30.044265,900000158624001,,
绍兴轨道交通,轨道交通2号线,900000158624,梅山广场,1.804,1.804,120.576920,30.048401,900000082948046,,
绍兴轨道交通,轨道交通2号线,900000158624,后墅路,1.244,3.048,120.589760,30.049662,900000158624003,,
绍兴轨道交通,轨道交通2号线,900000158624,袍谷,1.134,4.182,120.601544,30.049466,900000158624004,,
绍兴轨道交通,轨道交通2号线,900000158624,袍中路,1.038,5.22,120.612326,30.049344,900000158624005,,
绍兴轨道交通,轨道交通2号线,900000158624,洋泾湖,1.483,6.703,120.627730,30.049552,900000158624006,,
绍兴轨道交通,轨道交通2号线,900000158624,恂南,0.978,7.681,120.637893,30.049491,900000158624007,,
绍兴轨道交通,轨道交通2号线,900000158624,豆姜,1.221,8.902,120.650415,30.047716,900000158624008,,
绍兴轨道交通,轨道交通2号线,900000158624,檀渎,1.183,10.085,120.662105,30.044428,900000158624009,,
