系统,线路,站名,站间距(km),累计里程(km),经度,纬度,station ID,pinyin,year of opening
上海地铁,磁浮线,浦东1号2号航站楼,0.0,0.0,121.805591,31.150958,310100025693024,,
上海地铁,磁浮线,龙阳路,24.304,24.304,121.557634,31.203575,310100024526014,,
