系统,线路,站名,站间距(km),累计里程(km),经度,纬度,station ID,pinyin,year of opening
港铁,南港岛线,金钟,0.0,0.0,114.170494,22.276448,810000020809014,,
港铁,南港岛线,海洋公园,3.51,3.51,114.179442,22.245990,900000072541002,,
港铁,南港岛线,黄竹坑,0.658,4.168,114.173092,22.245304,900000072541003,,
港铁,南港岛线,利东,1.33,5.498,114.161536,22.239958,900000072541004,,
港铁,南港岛线,海怡半岛,0.782,6.28,114.153938,22.240033,900000072541005,,
