系统,线路,站名,站间距(km),累计里程(km),经度,纬度,station ID,pinyin,year of opening
港铁,机场快线,香港,0.0,0.0,114.162952,22.282068,810000010813005,,
港铁,机场快线,九龙,2.284,2.284,114.166578,22.302336,810000010813004,,
港铁,机场快线,青衣,8.134,10.418,114.112563,22.355763,810000010813003,,
港铁,机场快线,机场,18.232,28.65,113.941480,22.312864,810000010813002,,
港铁,机场快线,博览馆,0.98,29.63,113.948005,22.319283,810000010813001,,
