系统,线路,线路ID,站名,站间距(km),累计里程(km),经度,纬度,station ID,pinyin,year of opening
深圳地铁,地铁20号线,900000075925,机场北,0.0,0.0,113.798179,22.651128,440300024056026,,
深圳地铁,地铁20号线,900000075925,国展南,4.156,4.156,113.778426,22.683755,900000075925003,,
深圳地铁,地铁20号线,900000075925,国展,1.358,5.514,113.777957,22.695959,900000075925004,,
深圳地铁,地铁20号线,900000075925,国展北,0.805,6.319,113.776899,22.703129,900000075925005,,
深圳地铁,地铁20号线,900000075925,会展城,1.24,7.559,113.769777,22.712135,900000075925006,,
