系统,线路,线路ID,站名,站间距(km),累计里程(km),经度,纬度,station ID,pinyin,year of opening
北京地铁,大兴机场线,900000076660,草桥,0.0,0.0,116.351387,39.845869,110100023282033,,
北京地铁,大兴机场线,900000076660,大兴新城,12.323,12.323,116.365522,39.735583,900000076659002,,
北京地铁,大兴机场线,900000076660,大兴机场,25.314,37.637,116.416725,39.511375,900000076659001,,
