系统,线路,线路ID,站名,站间距(km),累计里程(km),经度,纬度,station ID,pinyin,year of opening
绍兴轨道交通,轨道交通1号线,900000083202,黄酒小镇,0.0,0.0,120.539694,30.058074,900000082948043,,
绍兴轨道交通,轨道交通1号线,900000083202,绍兴一中,1.033,1.033,120.538009,30.067246,900000083202002,,
绍兴轨道交通,轨道交通1号线,900000083202,湖西,1.254,2.287,120.538033,30.078526,900000083202003,,
绍兴轨道交通,轨道交通1号线,900000083202,大庆寺,1.063,3.35,120.538188,30.088084,900000083202004,,
绍兴轨道交通,轨道交通1号线,900000083202,绍兴北站,1.195,4.545,120.537628,30.098818,900000083202005,,
绍兴轨道交通,轨道交通1号线,900000083202,会展中心,1.98,6.525,120.517192,30.100950,900000083202006,,
