系统,线路,站名,站间距(km),累计里程(km),经度,纬度,station ID,pinyin,year of opening
杭州地铁,地铁8号线,文海南路,0.0,0.0,120.375052,30.310983,330100023133029,,
杭州地铁,地铁8号线,工商大学云滨,1.724,1.724,120.393007,30.310979,900000099066001,,
杭州地铁,地铁8号线,桥头堡,3.865,5.589,120.432254,30.303231,900000099066002,,
杭州地铁,地铁8号线,河庄路,2.424,8.013,120.456961,30.298731,900000099066003,,
杭州地铁,地铁8号线,青西三路,1.99,10.003,120.477685,30.298910,900000099066004,,
杭州地铁,地铁8号线,青六中路,1.357,11.36,120.491818,30.298788,900000099060022,,
杭州地铁,地铁8号线,仓北村,1.618,12.978,120.507671,30.293839,900000099066006,,
杭州地铁,地铁8号线,冯娄村,1.312,14.29,120.521327,30.294148,900000099066007,,
杭州地铁,地铁8号线,新湾路,1.833,16.123,120.540407,30.294649,900000099066008,,
