系统,线路,线路ID,站名,站间距(km),累计里程(km),经度,纬度,station ID,pinyin,year of opening
兰州轨道交通,轨道交通2号线,900000077514,雁白大桥,0.0,0.0,103.884035,36.068349,900000077514001,,
兰州轨道交通,轨道交通2号线,900000077514,均家滩,0.885,0.885,103.881306,36.060700,900000077514002,,
兰州轨道交通,轨道交通2号线,900000077514,张苏滩,0.648,1.533,103.877219,36.055899,900000077514003,,
兰州轨道交通,轨道交通2号线,900000077514,五里铺,1.167,2.7,103.871472,36.046490,900000028566005,,
兰州轨道交通,轨道交通2号线,900000077514,团结新村,0.942,3.642,103.868863,36.038288,900000077514005,,
兰州轨道交通,轨道交通2号线,900000077514,红星巷,0.835,4.477,103.861221,36.034029,900000077514006,,
兰州轨道交通,轨道交通2号线,900000077514,兰州火车站,0.755,5.232,103.853146,36.035881,900000077514007,,
兰州轨道交通,轨道交通2号线,900000077514,邮电大楼,0.77,6.002,103.848814,36.041851,900000077514008,,
兰州轨道交通,轨道交通2号线,900000077514,东方红广场,1.386,7.388,103.842424,36.053191,900000028566007,,
