系统,线路,站名,站间距(km),累计里程(km),经度,纬度,station ID,pinyin,year of opening
澳门轻轨,横琴线,莲花,0.0,0.0,113.564830,22.136602,900000126430006,,
澳门轻轨,横琴线,横琴,1.481,1.481,113.550454,22.136977,900000213462002,,
