系统,线路,站名,站间距(km),累计里程(km),经度,纬度,station ID,pinyin,year of opening
重庆轨道交通,轨道交通6号线东站段,刘家坪,0.0,0.0,106.655733,29.524717,900000027933024,,
重庆轨道交通,轨道交通6号线东站段,百乐园,1.539,1.539,106.666375,29.514430,900000163044006,,
重庆轨道交通,轨道交通6号线东站段,桃花桥,1.292,2.831,106.662104,29.503421,900000163044007,,
重庆轨道交通,轨道交通6号线东站段,重庆东站,2.351,5.182,106.672880,29.484474,900000154351004,,
